ID_persona,Fecha,Horas_de_sueño,Calorias,Cantidad_comidas_dia,Tipo_actividad_fisica,Minutos_actividad_fisica,Litros_de_agua_cosum,Cafeina_consumida,Alcohol_consumido,Nivel_de_estres
63,10/3/2026,9.93,1193,2,running,163,4.0,735,7.6,low
3,3/4/2026,6.24,508,6,running,1,3.5,33,6.5,medium
72,6/14/2026,3.6,175,1,no activity,210,3.9,171,6.4,high
17,11/1/2026,10.31,670,2,running,168,3.9,230,5.1,high
38,11/11/2026,4.85,4281,6,cycling,280,3.8,304,8.3,medium
44,3/4/2026,8.26,1335,1,swimming,236,0.3,779,6.8,high
71,1/19/2026,10.48,4405,4,running,4,2.7,79,6.7,high
36,8/29/2025,3.98,3173,4,swimming,44,0.2,750,1.3,medium
66,4/8/2025,10.31,4389,3,walking,178,0.9,511,8.1,low
28,3/17/2026,9.69,2149,1,running,248,3.1,319,9.0,low
69,2/10/2025,7.71,2250,2,no activity,231,1.4,221,9.7,high
55,1/19/2025,6.12,835,4,cycling,33,1.8,775,4.1,medium
53,8/22/2025,10.23,4480,6,no activity,245,0.9,40,0.6,high
34,9/13/2025,8.2,4342,1,walking,286,2.7,305,6.7,medium
55,1/18/2026,9.72,4595,5,walking,260,2.6,155,7.9,low
31,7/31/2025,8.45,4690,3,swimming,101,3.2,431,2.8,high
60,1/26/2025,3.35,1453,3,walking,287,2.2,253,4.3,low
25,12/4/2026,8.98,92,5,swimming,215,5.0,739,0.6,medium
50,4/17/2026,5.64,3761,3,no activity,129,2.1,361,2.5,low
50,3/14/2026,7.51,347,4,running,72,3.8,955,2.0,low
61,7/11/2026,7.04,2282,1,cycling,91,4.0,394,7.9,high
8,11/12/2025,4.56,176,3,running,147,3.7,231,4.6,medium
35,2/28/2026,6.32,821,5,swimming,210,1.3,737,0.1,medium
13,1/1/2026,9.45,2030,5,swimming,247,4.0,222,0.6,high
33,5/20/2025,4.68,3827,4,running,172,3.9,948,6.7,medium
66,4/9/2025,4.37,3254,2,walking,289,1.4,423,0.4,low
63,8/10/2025,5.14,270,5,swimming,242,0.4,101,0.6,low
71,9/8/2025,10.23,732,5,walking,34,0.8,711,1.0,low
35,12/3/2026,6.6,4078,4,swimming,271,4.2,841,7.4,high
70,11/27/2025,7.44,527,6,walking,152,0.6,832,8.4,medium
42,3/15/2026,4.9,550,1,walking,128,0.4,194,6.6,high
37,9/28/2025,11.62,4501,3,walking,189,0.8,19,9.5,high
24,1/30/2026,8.74,4015,1,swimming,297,1.1,648,1.4,low
47,5/24/2026,5.37,1496,3,walking,80,0.2,567,3.8,high
12,9/14/2026,5.46,2517,6,cycling,217,1.0,943,5.9,high
75,6/9/2026,4.81,4514,3,swimming,284,1.5,141,6.3,low
38,1/18/2025,3.61,1576,6,running,258,0.2,645,8.9,medium
66,11/2/2025,7.59,1710,1,running,206,1.9,130,6.7,low
21,11/8/2025,3.0,2637,2,walking,215,0.9,484,0.7,high
23,2/3/2026,4.94,826,6,swimming,34,4.2,661,9.5,medium
14,8/26/2026,3.95,3694,2,walking,76,0.4,802,5.9,high
39,2/20/2026,7.77,3873,5,swimming,81,5.0,413,2.5,high
65,12/28/2025,10.28,4216,6,no activity,111,0.5,579,1.6,medium
64,1/11/2025,10.72,4953,2,swimming,261,0.8,567,5.0,low
75,9/21/2026,8.78,4703,5,swimming,156,1.3,227,2.2,low
56,9/10/2025,8.7,2497,1,walking,170,0.6,948,2.3,medium
40,4/4/2026,10.79,311,5,walking,43,1.8,626,9.5,medium
13,10/30/2026,9.23,2084,3,walking,157,3.3,806,5.2,medium
48,6/13/2025,10.34,82,6,no activity,43,1.3,192,2.2,low
62,1/20/2026,3.9,1112,4,walking,281,2.3,598,5.7,medium
30,6/6/2026,11.01,2141,1,cycling,221,3.3,165,1.9,low
40,11/19/2025,8.75,3070,1,cycling,181,2.1,688,0.8,high
35,8/14/2026,6.07,247,5,no activity,250,1.3,10,3.5,low
29,9/6/2026,10.57,639,2,walking,125,1.1,441,7.6,high
63,8/31/2025,11.27,4510,4,cycling,147,3.0,128,8.4,low
48,1/16/2026,9.32,3298,2,walking,121,4.3,674,2.4,high
44,10/2/2025,3.82,2202,4,swimming,183,3.1,304,2.3,medium
40,3/18/2025,10.22,2342,3,swimming,167,3.1,562,9.8,low
59,8/28/2025,11.73,216,2,no activity,32,4.2,592,0.1,low
58,3/27/2026,8.57,4629,1,running,100,2.2,763,3.1,high
2,9/30/2025,7.04,75,3,running,59,4.1,223,4.0,low
74,11/22/2025,8.47,4434,4,swimming,190,3.6,986,0.3,high
50,5/21/2025,9.01,4190,5,no activity,258,4.3,343,2.6,low
40,6/16/2026,5.48,2475,2,running,67,1.8,49,2.0,medium
17,8/4/2025,5.28,4257,1,walking,104,3.4,111,7.1,high
53,11/1/2026,11.25,73,5,cycling,70,1.8,776,8.4,high
5,4/16/2026,4.64,552,3,running,179,0.5,980,8.6,low
31,3/15/2026,4.48,2185,6,swimming,133,1.9,332,2.0,high
66,10/29/2025,8.12,1805,3,running,170,2.1,873,9.5,high
53,12/6/2026,11.31,2618,5,walking,192,4.3,781,6.5,medium
30,12/27/2026,8.18,3909,3,cycling,247,4.9,789,6.0,medium
55,7/30/2025,3.34,1609,6,cycling,281,4.8,409,6.6,high
48,7/21/2026,10.31,860,6,walking,97,4.5,64,7.3,high
5,4/28/2026,5.05,1871,6,swimming,286,0.6,902,1.3,medium
55,3/3/2025,9.41,2957,1,cycling,12,2.9,364,6.3,low
4,4/30/2025,7.4,36,1,cycling,263,0.3,664,7.9,low
55,9/13/2025,4.6,4340,6,swimming,241,4.2,466,7.9,low
34,4/20/2026,11.02,2325,3,swimming,194,4.5,721,1.0,high
53,2/28/2025,10.87,1330,1,swimming,147,1.3,112,2.2,medium
21,12/27/2026,6.22,872,3,swimming,134,2.4,587,9.5,low
72,11/5/2025,11.92,2985,4,no activity,29,4.3,86,0.7,high
2,8/30/2026,11.71,707,6,running,130,1.7,759,1.0,high
2,6/30/2025,4.16,1501,1,cycling,116,0.7,24,1.8,low
53,8/16/2026,9.02,2870,4,running,233,2.7,425,4.8,low
64,12/23/2026,3.48,1399,4,cycling,107,3.3,166,9.5,high
34,2/1/2025,7.24,4877,6,swimming,224,3.6,766,7.9,high
71,10/9/2026,5.85,53,2,cycling,269,0.3,372,5.2,high
46,3/23/2026,5.71,1108,1,cycling,209,0.8,820,6.4,high
69,3/23/2026,11.64,2659,6,no activity,71,2.0,593,1.5,high
68,10/9/2025,10.3,771,4,running,290,2.5,975,4.6,low
3,7/30/2025,5.14,2749,6,cycling,260,4.1,91,9.7,medium
4,4/22/2025,5.02,1539,2,no activity,248,0.3,336,1.2,low
30,5/13/2025,4.65,530,4,running,23,4.6,752,6.7,high
6,3/1/2025,11.67,3144,2,no activity,213,1.4,623,8.7,low
48,3/9/2025,8.71,2860,3,walking,198,3.9,352,1.0,low
67,12/21/2025,4.38,1680,6,running,181,4.7,418,7.4,medium
66,6/24/2025,6.25,3471,3,walking,289,1.7,15,1.3,high
17,2/8/2026,5.4,4736,2,cycling,116,3.5,572,1.6,medium
9,6/20/2026,10.72,4749,3,no activity,280,0.4,744,8.0,high
23,11/27/2025,3.53,845,2,swimming,285,4.6,243,0.3,low
28,6/20/2026,11.29,430,2,cycling,85,4.6,582,8.6,medium
38,3/30/2025,6.03,761,2,walking,9,0.4,184,8.3,low
4,3/22/2025,8.84,4351,1,swimming,27,4.1,454,2.8,high
12,7/26/2025,9.61,3689,4,running,187,1.7,565,5.7,high
48,12/28/2025,9.54,3864,3,walking,162,0.6,245,4.6,high
32,7/11/2026,7.48,26,5,cycling,259,0.0,407,5.4,high
40,3/10/2025,6.51,2774,4,walking,151,3.3,710,9.2,high
51,11/22/2025,9.47,1012,4,cycling,157,0.8,61,3.2,high
64,6/8/2025,4.32,732,4,swimming,120,3.0,16,8.4,medium
5,3/14/2026,10.51,4166,3,no activity,97,0.7,660,7.6,low
7,5/8/2026,7.55,4185,3,cycling,289,2.7,65,0.4,high
32,7/5/2026,8.39,4986,6,swimming,57,0.1,606,2.1,low
7,8/22/2025,5.29,4814,4,swimming,194,2.0,24,7.6,low
69,8/28/2026,7.68,4286,1,running,177,1.4,609,3.9,medium
42,2/5/2025,8.07,168,6,cycling,279,1.4,743,2.2,high
13,11/27/2025,6.43,2888,5,no activity,278,4.4,33,8.7,low
61,8/24/2025,6.7,636,1,running,204,4.8,185,6.4,medium
67,6/7/2025,11.06,1102,3,no activity,21,5.0,497,8.6,low
23,11/14/2026,6.94,2476,1,running,186,1.6,310,5.7,low
48,4/15/2025,7.11,2296,4,no activity,294,3.9,888,7.3,medium
52,11/6/2025,7.7,609,6,cycling,265,2.9,771,1.6,low
29,11/27/2025,3.05,2462,3,cycling,6,4.0,879,7.6,medium
13,6/3/2026,6.72,3303,1,no activity,286,3.5,286,9.3,medium
29,10/30/2026,7.2,4893,2,swimming,71,3.1,482,5.9,low
31,6/25/2026,5.89,2655,1,running,295,1.0,376,0.8,medium
55,2/4/2026,6.92,577,1,walking,299,0.5,722,9.1,high
33,9/7/2026,8.46,116,1,walking,221,1.0,229,1.4,low
18,1/28/2026,7.79,4324,4,no activity,233,1.3,204,1.8,medium
64,3/10/2026,11.51,3650,3,running,122,0.7,920,2.7,medium
35,12/12/2025,9.46,2638,1,walking,256,3.7,470,7.1,medium
32,1/20/2026,5.37,1769,1,walking,270,3.3,391,5.0,low
21,10/5/2026,8.84,2702,4,swimming,217,3.1,634,8.4,low
23,12/16/2025,6.03,742,1,running,198,3.6,927,5.4,high
26,4/3/2026,4.06,4693,4,swimming,162,0.1,892,8.2,medium
16,4/5/2026,6.45,3082,3,walking,57,2.9,951,1.8,high
42,10/24/2026,6.96,2754,6,walking,129,2.8,867,6.5,high
26,9/1/2025,10.8,1912,4,no activity,235,3.3,407,7.8,low
19,8/11/2026,4.17,3407,2,walking,14,1.4,341,7.6,high
20,3/13/2026,9.13,2904,2,walking,157,3.6,267,7.3,medium
51,11/4/2025,5.53,4024,5,cycling,296,0.7,920,6.0,high
55,11/13/2025,4.25,3024,6,cycling,69,2.7,602,1.3,high
19,4/3/2026,5.75,3799,1,cycling,92,2.1,413,5.9,high
54,7/6/2025,7.91,4305,1,cycling,12,0.3,999,8.6,medium
56,12/24/2025,4.64,1880,1,running,43,4.1,514,2.9,low
37,3/6/2026,5.96,1378,5,running,130,4.7,785,8.3,medium
31,7/10/2026,7.73,3592,5,walking,23,1.9,303,6.6,medium
52,9/22/2026,7.91,1932,1,no activity,181,2.4,642,5.6,medium
71,4/21/2026,9.17,2947,5,running,97,2.5,478,7.8,high
3,9/20/2025,4.71,802,3,cycling,89,2.9,894,1.5,medium
39,6/16/2025,5.28,2125,4,running,81,1.9,893,6.7,high
48,4/12/2025,10.48,3906,3,running,32,1.0,833,3.2,high
64,3/28/2025,3.59,2996,3,cycling,275,3.5,640,1.9,medium
73,5/2/2026,8.27,4201,6,swimming,247,2.6,664,3.5,high
75,12/16/2026,8.2,2354,4,cycling,132,2.9,351,2.5,medium
63,2/9/2025,8.93,2326,6,cycling,31,1.9,719,1.6,low
73,6/1/2025,9.9,677,4,walking,10,1.2,159,3.0,low
44,11/24/2025,5.18,2702,6,cycling,131,3.2,251,7.2,high
32,6/9/2025,11.44,4579,5,no activity,60,3.1,460,0.2,high
75,3/28/2026,6.81,590,6,swimming,77,3.3,209,9.5,high
17,1/26/2026,9.14,2380,5,cycling,274,5.0,272,5.3,low
23,9/20/2025,9.03,3293,5,cycling,23,1.7,529,5.4,medium
65,3/20/2025,7.49,230,1,walking,186,0.0,942,2.0,low
10,8/4/2025,10.17,1273,2,swimming,46,3.8,389,0.8,medium
37,7/25/2026,10.08,4161,6,walking,252,1.2,674,6.6,high
5,7/10/2026,10.51,3695,4,cycling,140,2.0,996,5.1,high
72,12/25/2026,6.89,2207,3,no activity,231,0.9,281,1.6,medium
21,3/22/2026,9.8,3334,6,walking,38,3.9,662,0.4,high
72,6/18/2026,9.1,1881,6,swimming,199,1.0,248,7.6,low
66,10/31/2025,4.3,4079,2,swimming,231,0.8,622,1.3,high
45,4/26/2026,11.04,4608,1,walking,27,2.9,132,5.1,low
47,8/25/2026,10.09,1886,6,walking,215,2.2,662,6.1,low
65,3/5/2026,10.29,4642,4,cycling,220,0.6,820,2.0,high
7,8/18/2026,9.15,2004,5,running,151,1.1,592,7.0,high
4,3/17/2025,10.8,760,4,swimming,226,3.0,971,8.5,medium
27,4/9/2026,7.65,22,3,walking,116,4.6,210,9.3,high
73,6/16/2026,7.21,3714,6,walking,207,3.7,720,1.8,low
36,1/7/2026,9.47,397,6,walking,167,1.7,191,7.3,high
23,3/7/2025,5.78,3793,6,running,169,4.1,673,6.1,low
37,5/28/2025,3.69,1820,3,cycling,56,1.3,177,7.4,low
59,1/6/2026,8.29,3702,3,walking,174,2.5,802,4.1,low
65,11/15/2026,8.57,3256,3,cycling,273,3.5,223,6.0,medium
67,2/3/2026,6.21,2691,4,running,217,1.9,585,7.5,high
24,4/30/2026,11.8,1243,4,swimming,280,3.5,750,0.3,low
61,4/29/2026,8.04,882,6,no activity,236,2.8,598,1.5,low
16,8/30/2026,8.81,2013,2,swimming,83,3.9,713,9.6,high
9,5/23/2026,10.48,4577,6,swimming,295,0.8,574,6.0,high
66,4/21/2026,5.48,1471,3,running,122,2.9,72,3.6,high
33,1/5/2025,7.95,226,1,walking,176,0.8,561,2.5,low
48,12/18/2026,9.65,4854,2,swimming,32,5.0,557,0.9,high
69,5/1/2025,9.28,397,4,swimming,114,2.3,605,6.6,medium
10,3/12/2026,3.93,3034,3,no activity,144,3.6,229,7.2,high
20,2/20/2025,6.98,1672,6,swimming,101,1.6,831,7.7,high
55,10/6/2026,3.24,515,4,swimming,88,1.0,889,2.8,low
64,11/4/2025,4.89,1295,1,walking,96,1.3,561,3.5,medium
44,7/1/2025,8.35,80,5,running,106,3.3,687,1.0,medium
28,7/9/2025,4.15,4237,5,running,215,4.2,33,1.0,high
58,11/27/2026,10.38,3235,3,walking,199,0.3,583,1.7,medium
12,8/27/2025,7.87,1486,2,swimming,280,3.3,641,9.4,low
15,11/3/2026,11.37,2274,3,swimming,184,3.3,617,9.8,low
38,9/27/2025,5.3,2169,1,running,268,2.9,989,7.4,low
45,1/31/2026,4.12,1399,6,cycling,231,3.5,895,8.5,high
59,2/17/2026,5.74,3784,5,walking,98,3.1,222,3.4,medium
58,7/3/2025,7.3,3322,1,walking,130,3.6,862,0.7,low
67,7/16/2025,9.15,859,6,no activity,85,3.5,638,6.1,medium
31,12/15/2026,4.33,4325,3,walking,0,4.3,474,1.7,medium
57,5/17/2025,8.79,285,1,no activity,220,0.9,464,6.3,medium
40,8/7/2026,3.19,4928,2,cycling,136,1.9,26,2.9,low
48,11/3/2025,6.89,3107,5,swimming,48,2.2,77,8.0,medium
38,11/13/2025,7.5,4512,2,running,162,0.5,824,8.5,high
37,2/3/2026,3.84,4444,6,walking,159,2.1,285,0.8,low
49,4/15/2025,5.65,3053,4,swimming,67,0.9,903,5.9,high
28,10/21/2025,3.5,2044,3,cycling,205,2.6,851,7.7,high
31,8/16/2026,3.04,326,1,no activity,10,2.3,327,8.8,low
60,7/1/2026,7.74,2831,6,walking,23,0.2,932,0.8,low
67,9/26/2025,10.24,778,3,swimming,1,3.9,928,3.3,low
49,9/11/2026,9.66,2959,1,walking,14,3.4,387,9.1,low
30,4/13/2025,4.26,1062,3,running,65,2.7,652,7.7,low
40,12/18/2025,4.61,4066,1,swimming,81,3.6,533,2.6,high
41,10/24/2025,11.71,1221,6,running,109,4.5,882,7.1,high
42,8/6/2026,10.01,2191,5,cycling,54,0.4,856,9.8,low
26,12/4/2026,7.4,4194,4,swimming,166,0.7,713,7.5,high
59,6/5/2026,9.45,2880,4,walking,44,0.7,363,8.6,low
15,9/8/2025,8.15,2287,6,cycling,154,3.8,873,1.3,medium
44,11/2/2026,7.35,1288,1,cycling,131,0.8,721,1.5,low
70,3/14/2026,9.17,492,4,walking,268,2.7,625,7.2,high
37,8/6/2026,5.5,4187,1,running,2,4.3,1000,0.0,high
65,10/27/2026,6.71,1894,5,swimming,279,0.3,333,4.2,high
49,2/26/2025,8.44,94,5,no activity,210,0.0,855,8.5,medium
47,8/31/2025,6.37,3290,6,walking,246,0.4,716,8.8,medium
68,1/31/2026,10.67,3840,2,swimming,277,1.0,850,9.0,medium
51,8/18/2025,10.06,4117,2,no activity,26,4.9,984,7.3,medium
9,11/3/2026,9.07,4062,4,walking,279,0.9,360,5.1,medium
39,7/3/2025,7.29,175,2,no activity,26,4.6,17,3.6,high
70,5/2/2025,7.72,3785,2,swimming,201,1.1,8,3.9,low
9,6/2/2026,6.79,1511,4,cycling,223,1.7,721,1.0,high
63,4/8/2026,11.86,1638,4,swimming,289,2.9,692,1.4,high
16,1/17/2025,10.43,1819,3,walking,202,4.0,646,6.0,medium
39,2/28/2026,4.6,990,1,running,279,4.5,545,4.8,low
37,3/5/2026,11.59,4756,6,walking,119,2.2,466,2.0,high
19,2/18/2025,5.19,4517,2,no activity,100,3.4,281,3.9,low
58,3/8/2026,9.46,966,3,running,271,4.5,265,0.8,medium
71,5/5/2026,9.43,4999,5,cycling,243,3.9,257,9.0,high
67,5/19/2025,11.76,2533,3,swimming,272,4.4,62,6.7,low
9,12/9/2026,7.18,1578,4,running,78,0.6,462,9.7,high
36,11/1/2026,11.48,3462,5,walking,25,1.3,128,9.6,medium
22,9/14/2025,6.99,2452,4,running,296,2.7,115,9.5,high
17,1/28/2026,10.23,2873,4,swimming,268,3.7,251,0.4,medium
33,6/25/2026,6.23,4811,3,cycling,215,4.9,944,5.5,low
54,7/12/2025,9.93,1951,3,cycling,58,3.3,309,1.2,low
3,12/9/2026,7.61,415,3,cycling,81,0.8,502,4.7,high
17,7/23/2025,11.11,3254,6,running,95,4.1,128,3.8,low
69,7/11/2026,10.25,3628,5,no activity,88,4.4,457,7.0,low
52,4/18/2025,3.37,1667,6,cycling,55,0.1,547,8.6,medium
11,4/30/2026,11.36,816,1,walking,129,1.4,206,1.8,low
75,9/2/2025,3.31,3332,6,no activity,24,2.0,545,0.4,medium
30,1/4/2025,10.12,4702,5,swimming,112,0.7,41,8.5,medium
35,9/30/2025,5.09,4024,5,no activity,12,1.3,491,8.1,high
74,8/4/2025,9.38,3858,3,walking,63,3.8,527,0.0,medium
25,9/16/2026,4.72,2956,5,no activity,61,3.1,122,0.6,medium
31,10/25/2026,10.49,3640,6,walking,244,2.3,26,0.4,medium
28,4/19/2025,5.31,1311,1,swimming,244,0.2,495,5.7,low
65,8/9/2025,10.28,4128,3,cycling,68,3.4,532,5.5,medium
23,7/22/2026,11.42,1670,5,no activity,30,1.1,882,8.0,low
54,11/28/2025,8.47,2333,5,swimming,93,2.4,541,5.6,low
13,5/3/2025,3.9,832,3,cycling,88,4.2,887,1.9,medium
47,7/28/2026,11.31,3010,1,no activity,195,2.2,98,6.3,high
10,11/4/2026,10.38,2831,4,walking,109,2.0,378,8.9,medium
70,5/27/2025,8.11,3588,4,walking,298,2.7,352,4.1,low
31,11/27/2025,10.59,3615,6,no activity,147,4.3,536,1.2,low
50,2/25/2026,6.29,3504,2,swimming,289,2.5,457,9.5,low
6,3/18/2025,5.34,1207,4,no activity,40,0.9,352,5.8,high
7,12/19/2026,7.78,1174,5,walking,94,3.9,750,4.6,low
67,1/22/2025,5.99,2583,5,running,229,3.3,743,3.9,low
4,1/9/2026,8.38,2231,3,walking,150,3.0,719,0.2,low
75,3/30/2025,5.75,2708,5,swimming,213,0.1,126,9.3,high
40,12/8/2025,6.08,1369,4,running,231,2.9,690,4.8,low
42,12/2/2025,9.46,4558,6,no activity,45,0.9,984,6.1,low
71,8/7/2025,5.67,3601,3,walking,62,0.2,687,3.7,medium
24,5/23/2026,6.1,3519,1,walking,285,1.2,289,2.7,high
73,1/27/2025,6.13,1636,2,no activity,178,3.1,776,9.1,high
2,8/6/2025,11.12,91,6,no activity,226,4.7,137,4.6,medium
70,2/6/2026,6.8,1245,5,swimming,104,4.0,441,8.7,high
43,1/15/2025,4.8,4437,3,no activity,116,0.1,231,6.9,low
64,7/21/2026,11.24,2204,4,no activity,101,2.3,323,5.5,high
26,9/4/2026,6.52,2964,4,cycling,246,2.4,732,1.8,high
51,11/29/2025,11.39,138,2,swimming,151,0.4,583,4.7,medium
3,8/17/2026,9.89,3709,6,walking,190,4.8,409,3.5,medium
69,7/14/2025,5.97,2082,1,no activity,115,0.2,785,0.9,medium
6,2/8/2025,4.57,4438,2,running,54,2.6,609,7.3,high
27,2/25/2025,6.35,4826,1,walking,275,4.8,45,5.7,high
52,8/31/2026,3.8,3593,2,running,151,2.1,106,6.1,low
65,11/2/2026,5.69,3567,3,cycling,120,1.5,218,1.9,high
30,8/13/2025,9.47,436,6,walking,193,1.1,661,7.9,high
3,4/10/2025,6.61,2593,2,swimming,65,0.9,899,7.7,medium
29,10/18/2026,8.06,3764,2,swimming,151,2.9,473,7.0,medium
54,8/11/2026,5.35,4269,5,walking,242,1.6,865,5.5,low
35,3/11/2026,10.57,1243,3,cycling,84,2.5,335,8.6,high
11,1/10/2026,11.67,1211,4,walking,3,2.9,665,7.8,medium
3,9/9/2026,6.18,1181,6,running,207,2.7,150,6.1,low
19,7/30/2026,3.94,3478,4,running,39,0.0,21,9.4,medium
52,9/3/2025,10.1,4793,3,walking,167,3.8,327,5.4,low
9,8/26/2026,11.0,2638,4,running,58,2.1,80,3.0,high
4,1/2/2025,9.89,4020,5,no activity,200,0.0,415,2.8,high
32,12/27/2026,9.36,51,2,walking,244,3.6,377,9.7,low
2,5/29/2025,3.52,4327,5,swimming,111,2.1,154,9.2,medium
53,6/12/2026,11.43,1372,5,cycling,63,3.7,602,2.9,low
66,8/25/2025,12.0,2843,1,cycling,169,4.6,457,3.9,high
6,8/1/2025,3.58,4901,6,running,228,3.9,360,6.0,low
38,7/18/2025,6.26,928,4,no activity,102,3.1,68,7.3,high
24,9/7/2026,8.95,97,5,swimming,175,1.9,583,1.3,medium
2,1/28/2025,7.06,2051,6,cycling,132,3.9,631,4.6,medium
2,6/4/2025,5.76,1385,4,cycling,34,4.1,951,8.3,low
56,7/13/2025,11.34,812,4,running,147,1.1,861,9.2,medium
8,12/3/2026,4.05,2038,2,cycling,177,2.4,820,4.3,low
13,8/21/2025,11.12,1164,4,swimming,189,4.9,74,7.3,high
65,4/21/2025,7.02,210,1,cycling,75,1.2,161,4.3,low
12,2/5/2026,9.69,2775,5,swimming,219,0.4,999,0.1,medium
21,10/9/2025,6.6,3120,1,cycling,195,3.3,531,5.1,medium
43,9/7/2026,3.44,3824,6,no activity,140,2.6,541,4.3,high
8,10/27/2026,3.87,3066,5,walking,286,2.5,166,4.4,low
61,8/18/2025,9.47,181,3,running,61,2.2,169,1.2,high
2,7/3/2025,4.29,4981,1,running,290,0.9,367,9.0,high
37,9/19/2025,8.91,4405,6,walking,23,2.9,599,1.3,low
21,10/29/2026,8.9,3439,2,cycling,266,1.2,254,7.2,low
10,1/8/2025,5.92,1308,5,cycling,37,2.0,847,0.8,low
54,5/1/2025,6.75,4944,3,swimming,261,0.6,683,2.0,medium
6,12/10/2025,9.36,2242,6,running,69,3.6,652,6.7,high
15,5/3/2026,8.04,431,2,running,176,1.0,586,5.8,low
73,5/8/2026,3.27,3686,1,cycling,231,0.3,582,1.9,high
49,8/29/2025,3.43,941,1,no activity,16,3.6,199,9.7,low
70,1/2/2025,8.8,1817,2,cycling,188,2.0,643,4.1,high
67,2/20/2026,6.77,3440,4,swimming,64,4.6,255,1.6,high
16,3/29/2026,5.53,863,3,running,28,2.5,903,8.9,medium
4,5/3/2026,9.57,153,4,cycling,252,4.5,113,4.1,high
54,8/11/2025,5.46,264,4,cycling,23,3.0,920,5.1,high
14,7/18/2025,6.38,1619,5,running,96,4.9,970,2.7,high
10,8/1/2025,9.84,4199,5,walking,9,3.2,806,3.1,low
46,1/11/2026,8.64,2668,4,no activity,197,0.0,931,7.2,high
73,10/6/2026,9.89,240,5,walking,97,2.9,910,4.2,low
9,12/1/2025,7.44,620,1,no activity,170,2.1,426,2.9,medium
74,5/1/2025,4.59,2926,4,running,39,3.1,685,8.4,medium
74,2/19/2025,5.17,963,6,swimming,246,0.3,518,3.2,high
34,3/3/2026,11.07,4802,1,cycling,53,0.2,662,4.1,low
60,6/3/2025,7.48,1592,1,running,90,3.0,608,1.7,high
13,4/21/2026,4.17,237,5,cycling,154,3.7,819,8.7,high
45,1/28/2026,3.71,2258,5,cycling,197,3.4,217,1.2,medium
58,6/5/2025,9.5,1484,4,no activity,5,2.8,467,7.4,high
60,2/12/2025,9.27,1315,4,running,98,3.2,425,9.0,low
60,1/14/2026,6.44,3792,1,walking,59,2.3,870,5.2,high
55,3/7/2025,10.92,1185,2,running,91,2.1,141,6.0,medium
10,10/6/2025,10.27,2527,5,swimming,170,0.4,369,5.6,high
30,7/25/2026,3.86,2744,5,cycling,135,4.0,622,3.5,low
62,10/14/2025,7.84,1709,6,cycling,120,3.2,168,7.7,high
39,5/31/2026,3.36,4709,2,running,254,2.0,754,8.3,medium
51,3/24/2026,10.27,126,4,walking,154,0.3,732,9.0,low
51,6/10/2025,10.57,4648,5,swimming,277,4.8,676,4.0,high
10,7/27/2026,8.79,668,4,walking,212,4.5,840,9.8,medium
63,8/8/2025,8.38,2017,4,running,299,1.8,909,1.5,medium
24,5/2/2025,7.96,369,5,running,256,4.7,383,9.3,low
5,2/8/2026,5.32,3785,6,cycling,238,0.8,318,0.7,high
18,8/29/2026,5.68,1886,5,swimming,70,0.4,237,9.1,low
43,8/5/2026,10.43,795,1,running,30,2.1,695,6.7,low
51,7/7/2025,11.45,3461,2,swimming,70,2.7,537,1.2,high
25,8/28/2026,7.88,887,3,no activity,44,0.6,297,4.7,medium
37,10/7/2026,4.88,4889,2,no activity,293,5.0,237,3.8,high
58,4/23/2025,6.9,629,1,cycling,205,3.9,19,4.2,medium
69,7/6/2025,10.93,4927,1,running,43,2.5,893,9.0,low
15,3/16/2026,7.11,246,2,no activity,130,4.6,458,1.2,medium
42,1/21/2025,11.86,977,1,cycling,147,0.2,579,4.7,medium
51,12/21/2026,11.09,265,4,cycling,50,4.7,464,7.5,high
70,8/1/2025,7.85,2637,5,swimming,185,4.0,963,2.1,low
63,12/31/2025,4.17,867,3,swimming,189,1.0,870,6.4,high
18,8/20/2026,6.92,210,4,walking,124,0.2,81,7.8,medium
27,12/17/2026,5.03,147,5,swimming,149,3.6,979,8.6,low
69,10/7/2026,7.27,3530,6,swimming,35,4.3,783,3.4,low
9,5/8/2025,11.86,4788,4,running,251,3.4,314,1.2,low
69,11/15/2026,3.3,4493,2,cycling,212,1.6,454,8.9,low
25,11/28/2025,7.75,1173,1,cycling,213,1.6,27,8.0,medium
8,7/1/2025,5.71,4779,2,swimming,95,2.3,842,4.1,high
68,8/12/2026,4.15,3179,4,cycling,270,1.5,937,1.8,medium
58,12/22/2026,10.8,4246,2,walking,278,4.7,317,6.8,high
69,11/7/2025,6.98,2520,2,swimming,110,4.3,718,4.8,low
56,10/16/2025,4.14,3193,4,swimming,36,0.8,693,5.9,high
46,6/11/2026,5.81,4934,2,no activity,126,2.6,486,6.1,medium
5,11/1/2026,5.56,4744,1,walking,236,3.1,693,1.5,high
66,9/7/2025,8.98,1979,6,walking,220,2.7,238,7.4,high
48,12/3/2026,9.48,302,1,swimming,207,0.8,17,8.6,low
20,4/9/2025,4.08,3042,4,walking,121,0.4,206,1.0,low
36,4/29/2025,5.81,1826,2,no activity,252,4.2,899,0.2,low
69,3/4/2025,8.43,1386,3,running,40,2.6,655,3.8,medium
64,10/7/2025,8.19,4319,6,no activity,9,2.6,501,9.5,medium
40,11/6/2026,7.29,393,3,no activity,60,4.0,495,1.9,medium
67,11/24/2026,5.46,1711,6,no activity,279,0.7,964,0.3,low
30,1/17/2025,11.38,1165,3,cycling,217,4.8,980,6.1,medium
39,12/24/2026,11.26,2043,6,swimming,188,0.6,627,7.7,high
66,12/26/2026,4.64,522,4,walking,131,0.6,382,0.0,low
66,4/8/2025,3.95,170,3,cycling,200,3.4,202,5.7,medium
13,1/17/2026,10.0,1047,3,running,105,4.1,729,2.0,medium
58,3/31/2026,3.25,4330,1,swimming,216,2.3,141,2.3,medium
12,12/18/2025,5.83,2078,6,running,3,0.0,436,7.8,medium
6,1/15/2026,11.33,3191,5,cycling,199,1.9,58,0.4,medium
64,5/21/2026,9.24,3831,1,cycling,210,2.8,873,5.6,high
73,10/16/2025,7.68,2240,4,no activity,156,2.4,345,8.1,low
72,5/7/2026,9.87,4807,6,swimming,38,4.1,121,0.3,low
44,6/12/2026,9.34,406,6,swimming,108,3.8,255,3.3,low
25,8/29/2025,6.88,4930,4,cycling,155,4.3,714,3.2,high
54,12/30/2026,11.7,2952,3,running,131,4.8,880,7.9,low
68,8/2/2025,7.09,4453,3,running,98,2.5,921,9.0,high
33,5/16/2026,10.95,3377,1,no activity,164,0.5,534,9.0,medium
50,3/13/2026,6.7,1568,3,cycling,279,3.5,608,5.1,high
65,6/11/2025,10.39,310,5,swimming,52,3.1,207,2.3,high
19,6/27/2026,9.97,727,5,swimming,7,3.2,161,1.8,high
46,3/14/2026,11.3,4443,5,no activity,236,4.2,167,3.4,low
39,6/5/2025,6.49,4223,1,no activity,178,1.9,231,8.6,high
16,12/18/2025,7.59,744,4,walking,166,4.2,547,3.2,low
72,11/14/2026,10.76,4647,3,walking,176,2.2,178,6.2,medium
37,10/12/2025,9.15,1675,3,cycling,57,0.5,159,6.1,high
62,6/30/2025,11.63,3098,3,swimming,15,2.8,456,5.7,high
68,12/15/2026,4.16,1739,2,no activity,245,4.9,25,6.0,high
39,1/15/2025,5.78,4319,6,cycling,127,4.2,881,5.1,medium
6,8/3/2025,3.14,3565,2,no activity,29,3.6,833,1.2,medium
26,4/5/2025,9.92,95,5,swimming,138,3.2,344,0.9,low
10,3/8/2025,4.88,753,3,swimming,270,1.4,448,4.3,high
1,9/25/2025,8.17,2498,2,running,143,2.8,507,1.2,medium
48,2/19/2026,8.22,4893,3,walking,45,0.3,760,3.7,medium
16,8/5/2026,10.89,702,2,cycling,199,0.2,228,4.5,low
31,1/23/2025,11.62,1361,3,running,11,4.1,123,9.5,medium
4,12/2/2025,9.67,340,6,no activity,245,1.0,846,1.0,low
55,2/16/2026,8.39,1970,5,running,238,2.2,149,2.1,low
23,5/23/2026,9.92,776,3,cycling,237,2.1,510,2.4,high
57,10/6/2025,4.48,4147,1,walking,21,2.5,888,1.9,high
18,2/2/2025,4.56,1013,3,cycling,287,1.2,514,7.0,medium
39,1/27/2025,4.18,4283,4,no activity,300,2.3,19,3.0,high
7,8/19/2025,3.74,895,4,cycling,83,4.7,120,8.4,high
19,7/11/2026,7.92,3229,2,walking,10,4.1,727,1.5,high
60,8/1/2026,5.58,28,3,swimming,217,4.3,918,1.0,high
25,1/19/2025,10.52,3990,4,cycling,151,2.9,450,9.4,low
18,2/5/2025,6.17,4103,1,walking,23,0.2,759,8.6,high
56,7/20/2026,9.1,2073,3,no activity,44,1.4,251,3.8,low
26,5/2/2026,10.49,1405,2,no activity,137,3.7,935,8.2,high
39,4/29/2025,3.36,3382,6,cycling,206,3.1,227,9.2,low
53,7/26/2026,5.2,2669,3,swimming,152,2.8,911,7.6,low
25,1/9/2026,5.06,2270,6,cycling,37,1.8,741,7.0,low
70,5/12/2025,7.03,1560,3,no activity,286,2.6,345,0.8,high
60,10/21/2025,8.59,2032,5,no activity,215,4.2,235,3.8,high
73,9/30/2025,3.18,421,2,running,62,2.9,355,8.6,low
67,5/2/2025,10.75,497,3,running,162,3.9,781,8.7,high
75,6/9/2025,10.54,4759,5,walking,11,4.9,40,7.5,low
59,4/13/2025,10.27,72,3,running,96,2.7,331,7.8,high
72,9/22/2026,5.07,711,2,cycling,87,5.0,687,3.6,medium
74,9/28/2026,6.94,1734,1,swimming,287,2.9,366,7.6,high
17,3/13/2026,7.69,1157,3,swimming,116,0.6,342,2.9,high
55,4/16/2026,6.69,4898,2,walking,287,2.3,384,0.6,low
67,6/1/2026,3.02,1541,5,running,5,1.2,731,7.0,high
27,5/11/2026,4.98,53,5,no activity,197,4.3,196,6.6,medium
74,4/19/2025,9.82,387,4,swimming,91,2.3,646,4.0,high
39,11/18/2025,9.22,1393,5,cycling,68,3.2,453,3.6,medium
4,10/29/2026,6.87,2701,6,walking,182,3.7,320,4.0,medium
72,8/27/2025,5.94,3062,1,cycling,122,2.4,278,3.2,medium
21,3/26/2026,4.79,4616,5,running,15,0.3,380,4.3,high
49,8/16/2026,9.41,2968,6,cycling,226,4.7,169,9.7,high
6,6/24/2026,9.59,4536,3,cycling,150,2.5,737,3.8,low
35,4/22/2026,4.15,3567,1,no activity,167,1.2,426,4.7,medium
73,9/29/2026,6.87,2072,3,swimming,42,1.9,926,9.9,low
53,2/2/2025,4.66,2302,6,running,95,4.4,693,5.2,medium
15,11/16/2026,11.95,4052,1,running,222,2.5,724,7.5,high
16,1/24/2025,5.04,4262,5,swimming,233,2.2,710,8.0,medium
50,12/3/2025,10.54,3572,3,swimming,6,0.9,936,2.3,medium
69,6/20/2025,9.98,2712,2,cycling,294,4.4,735,8.8,medium
12,10/24/2026,9.74,4260,1,cycling,121,3.4,266,9.4,high
14,9/20/2026,11.98,2183,1,cycling,137,2.2,15,5.6,medium
28,7/30/2025,4.52,4939,4,swimming,193,3.6,605,5.3,low
50,5/17/2026,6.18,1222,2,running,130,1.6,680,6.0,medium
37,1/10/2026,4.55,2446,2,walking,118,4.4,788,9.3,low
63,12/16/2026,6.78,1955,3,running,107,2.7,315,0.5,medium
14,2/16/2025,11.56,912,1,running,260,4.6,416,2.9,medium
73,4/20/2026,10.43,1159,3,cycling,180,3.4,381,4.8,high
22,9/2/2025,10.31,4002,1,walking,166,3.1,760,5.7,medium
23,5/21/2026,6.74,779,6,cycling,106,3.7,954,4.7,high
23,6/7/2025,3.43,1645,2,swimming,61,2.9,625,6.4,medium
74,3/23/2026,10.85,4490,2,walking,88,0.6,441,3.6,high
33,8/6/2025,5.91,1309,1,cycling,186,2.7,857,8.9,medium
14,3/1/2026,7.01,891,5,swimming,90,1.6,727,9.1,medium
12,8/30/2026,8.72,1666,6,walking,140,4.2,634,2.0,low
51,10/26/2026,5.89,1587,6,no activity,266,4.7,950,9.0,low
53,8/9/2025,4.42,4139,5,running,30,0.3,655,9.1,low
69,12/9/2026,3.07,1232,1,cycling,102,4.9,742,6.6,high
26,1/23/2026,6.25,4860,4,swimming,165,4.4,956,6.4,medium
59,6/21/2026,7.75,246,3,walking,131,1.9,155,1.4,medium
17,4/9/2026,8.18,4657,4,swimming,137,1.7,842,5.9,low
12,4/14/2026,10.61,1276,3,no activity,7,1.7,95,7.9,low
29,11/11/2025,8.92,1324,3,swimming,74,0.7,366,9.9,medium
23,2/20/2026,8.98,2914,3,cycling,265,3.0,25,1.5,low
10,12/18/2026,5.54,1660,5,running,27,1.5,821,1.4,low
45,11/19/2026,8.84,4394,2,swimming,251,1.0,522,1.2,medium
21,12/10/2025,4.15,3139,5,running,196,0.8,103,8.0,low
14,1/17/2026,8.33,1158,3,running,252,3.9,392,5.3,medium
63,11/24/2025,5.8,1188,3,no activity,192,1.2,343,6.5,high
68,8/29/2025,3.71,4045,6,no activity,113,2.8,767,0.8,medium
74,4/8/2026,7.95,3331,1,running,181,0.4,190,9.8,low
38,8/23/2025,6.69,2562,5,swimming,106,4.7,425,3.9,low
67,1/17/2025,8.8,4582,6,swimming,113,2.8,233,1.7,high
24,5/12/2025,3.92,3672,5,walking,36,4.9,522,5.4,low
72,11/25/2026,11.99,3270,5,running,173,3.8,878,9.5,high
59,3/4/2025,8.12,2808,5,walking,251,1.3,598,6.4,low
17,1/6/2025,9.62,3178,6,walking,256,1.9,334,4.6,low
10,2/10/2026,8.49,4496,3,walking,164,4.4,201,9.5,low
9,11/27/2025,11.9,4051,2,cycling,173,3.4,870,7.8,low
45,5/12/2026,7.13,1314,4,no activity,191,1.2,172,2.2,high
23,5/8/2025,5.42,1815,2,swimming,195,1.8,146,2.7,low
45,8/15/2025,4.94,3065,2,cycling,125,2.4,854,1.8,high
42,1/26/2025,8.19,3439,6,running,7,3.8,31,8.0,high
74,6/6/2026,9.76,4627,5,cycling,196,2.9,551,1.9,low
1,6/25/2025,5.44,4893,5,walking,206,4.4,207,6.6,medium
34,12/26/2025,11.12,3530,2,cycling,234,3.3,538,5.5,medium
17,3/7/2025,5.7,924,2,walking,69,2.5,310,5.1,medium
26,5/7/2025,9.13,2765,4,cycling,64,3.6,160,2.3,high
41,9/1/2025,6.76,2942,4,running,26,4.6,874,9.1,high
42,9/5/2025,8.15,531,3,running,56,0.7,308,7.6,high
17,8/16/2026,11.95,3740,1,walking,114,4.2,903,4.6,high
56,5/25/2025,5.24,4388,4,walking,273,4.3,223,6.3,low
56,11/9/2026,5.55,2643,4,swimming,39,4.5,522,2.0,high
53,7/16/2025,3.44,3759,2,cycling,88,1.1,783,8.9,medium
22,12/18/2026,3.01,6,5,running,218,3.3,83,1.5,medium
45,3/25/2025,11.73,409,5,running,92,0.6,819,8.7,medium
60,6/16/2025,9.88,2868,1,walking,20,3.8,817,6.4,low
29,11/14/2025,10.31,2268,1,swimming,217,1.3,625,1.3,low
20,6/29/2026,10.53,4646,3,cycling,107,4.9,681,8.8,medium
20,7/25/2026,4.16,1935,6,no activity,82,3.8,238,3.7,high
51,8/23/2026,9.96,2969,2,walking,243,0.8,893,7.8,low
57,11/26/2026,4.62,2513,3,walking,158,3.1,412,4.2,low
27,1/12/2026,6.38,698,4,cycling,229,1.3,639,4.6,high
48,11/24/2025,4.32,1029,1,cycling,138,2.9,790,8.1,medium
39,1/13/2025,10.94,1380,2,no activity,193,3.8,746,9.9,high
25,6/14/2026,10.1,1775,5,cycling,217,2.8,438,4.8,low
12,7/4/2025,8.07,4103,4,no activity,44,3.7,967,0.0,high
32,6/1/2026,9.06,29,6,no activity,130,1.0,997,1.0,medium
49,6/22/2026,7.24,4335,2,swimming,26,1.7,475,5.4,medium
38,11/5/2025,3.17,3689,1,swimming,24,0.8,719,5.2,high
28,10/21/2026,5.77,598,2,walking,8,1.3,537,6.0,medium
14,8/26/2026,4.47,1304,5,running,217,1.8,773,1.8,low
37,5/16/2025,5.11,1428,1,walking,114,1.3,191,9.4,low
36,3/25/2026,7.45,4340,1,swimming,219,1.2,832,3.0,high
63,3/21/2026,6.25,2006,3,no activity,122,1.2,308,3.9,high
16,5/12/2026,4.64,2985,4,swimming,42,4.1,600,4.9,medium
43,6/9/2026,8.44,2047,3,walking,297,4.4,297,5.6,medium
59,12/5/2026,7.51,4784,2,cycling,285,5.0,740,5.6,medium
41,11/2/2025,4.15,4170,3,running,237,3.8,702,4.5,low
10,11/11/2025,6.92,4162,3,cycling,250,2.4,904,3.1,medium
17,8/1/2025,3.28,460,5,running,96,1.2,598,1.0,low
3,3/27/2025,7.99,1737,4,cycling,187,3.4,701,6.7,medium
50,5/29/2025,10.51,3163,2,walking,25,4.1,980,2.6,medium
8,6/20/2025,3.8,2774,5,cycling,261,1.9,340,2.5,medium
32,4/8/2026,10.37,1824,5,cycling,213,0.8,726,2.2,high
46,9/20/2025,9.3,3007,1,walking,279,1.4,989,0.7,medium
36,12/4/2025,3.34,3263,2,swimming,236,2.1,312,5.0,high
64,4/9/2025,9.95,2142,2,no activity,298,2.2,114,7.2,medium
52,7/1/2026,8.44,4443,3,walking,25,2.7,975,1.9,high
68,11/11/2026,11.29,4925,1,cycling,140,4.0,381,6.1,medium
45,11/9/2026,4.28,642,2,walking,111,4.0,386,5.3,medium
7,3/4/2025,8.21,1605,3,running,234,4.0,558,4.0,high
65,8/24/2026,4.47,2417,6,no activity,98,2.0,761,1.3,low
20,6/3/2025,9.08,4786,1,swimming,118,2.8,695,8.4,low
72,9/9/2026,7.36,3050,4,running,204,3.9,384,1.1,medium
64,11/6/2025,10.98,2648,5,walking,239,3.3,649,3.7,high
44,10/27/2025,3.63,4453,4,no activity,210,4.9,185,7.6,low
31,3/24/2026,10.52,3230,2,walking,119,2.8,573,9.1,high
36,8/9/2025,9.3,4361,5,running,225,0.7,38,2.2,low
35,6/16/2025,5.84,2139,6,walking,143,1.7,20,4.6,high
52,7/1/2025,4.05,2439,6,swimming,195,3.4,216,9.6,medium
55,9/20/2025,3.01,347,2,swimming,146,2.7,313,1.8,medium
6,12/2/2025,3.67,303,6,swimming,264,1.6,466,0.3,high
50,3/15/2025,9.67,444,4,cycling,80,0.5,223,6.8,high
47,4/2/2025,11.75,1970,6,no activity,97,0.6,146,9.8,medium
44,1/24/2026,10.85,662,1,running,181,2.2,786,1.8,low
45,3/14/2026,3.95,4372,1,running,224,0.5,143,8.4,low
1,2/2/2025,6.1,3710,5,running,71,1.4,725,3.4,low
62,3/16/2026,6.68,4417,1,cycling,231,0.4,97,5.6,high
68,1/12/2025,8.59,1352,3,walking,156,4.8,815,1.6,high
47,8/11/2026,4.17,23,2,cycling,132,3.6,932,5.7,high
48,1/30/2025,6.91,2665,2,running,20,1.4,133,3.9,high
52,4/18/2025,8.58,4724,3,swimming,94,1.5,99,9.2,high
42,2/7/2025,11.28,2289,2,running,116,1.4,714,5.3,high
23,3/23/2026,6.06,1248,5,cycling,226,2.9,593,0.9,high
64,11/5/2025,6.13,2222,1,cycling,226,0.4,499,5.6,low
65,7/23/2025,10.39,2311,3,cycling,218,0.8,758,2.6,high
75,10/27/2026,8.63,3268,1,walking,262,4.1,78,0.2,low
12,7/22/2025,10.59,540,4,no activity,211,1.6,652,1.9,high
53,11/13/2025,8.7,1189,4,swimming,268,4.8,611,6.9,medium
10,7/13/2025,3.57,3753,3,running,256,4.0,958,7.9,low
66,2/2/2026,5.23,1607,4,no activity,39,3.2,700,3.5,medium
74,3/9/2025,4.93,852,4,walking,191,3.6,155,0.0,medium
45,6/17/2025,8.32,2443,4,walking,33,0.3,110,5.2,medium
36,6/5/2025,10.11,1744,4,no activity,61,2.8,471,0.8,low
68,9/21/2026,6.55,3665,6,walking,98,2.9,35,3.7,high
25,3/8/2026,11.88,2350,2,no activity,117,1.5,215,1.2,medium
56,4/8/2025,4.12,3156,4,cycling,102,0.5,871,8.9,high
38,10/26/2026,6.92,3663,4,walking,47,3.4,489,1.9,high
6,9/3/2026,9.02,233,2,cycling,230,1.7,138,8.0,medium
71,5/1/2025,4.6,624,5,walking,103,4.6,768,5.7,medium
39,8/4/2026,8.09,2514,1,swimming,53,1.4,185,4.1,medium
16,1/22/2026,9.56,3466,6,walking,2,3.1,596,8.8,low
48,5/23/2026,6.32,2619,4,walking,202,3.0,958,8.6,medium
21,8/28/2025,8.37,1655,3,no activity,9,3.0,529,4.6,low
69,4/5/2025,8.22,2612,6,cycling,271,2.9,140,2.3,low
3,10/27/2025,4.0,1472,4,cycling,47,2.0,593,0.2,low
3,1/11/2025,4.38,2988,1,running,56,4.9,810,2.5,low
17,4/23/2025,5.45,2403,1,running,0,1.1,716,3.0,low
35,3/2/2026,7.3,400,4,running,286,4.0,485,9.6,low
27,4/6/2025,4.65,557,1,cycling,106,1.3,916,8.4,low
47,5/21/2025,5.74,1751,4,walking,100,1.0,136,3.1,low
44,11/18/2025,3.59,3949,4,running,57,4.3,668,5.3,high
72,9/3/2025,7.14,4973,2,running,55,3.1,373,1.4,low
42,11/14/2025,6.96,569,5,no activity,23,1.0,554,6.9,high
8,9/16/2026,8.96,341,4,no activity,246,3.6,471,2.3,low
27,10/9/2026,10.0,2762,1,cycling,164,1.0,643,0.3,high
50,3/12/2025,9.21,3409,3,walking,68,2.7,424,3.9,high
39,3/12/2025,7.54,970,6,running,0,4.2,775,5.8,low
64,9/30/2026,6.73,2781,2,no activity,13,2.5,309,1.7,low
64,4/5/2026,7.5,1467,5,swimming,117,3.1,791,5.4,medium
71,7/19/2025,11.65,2843,6,swimming,202,2.4,987,7.6,high
1,3/26/2026,4.09,3091,2,walking,187,2.8,205,9.3,low
66,1/1/2026,6.9,4380,2,swimming,145,3.0,278,7.4,high
21,4/17/2025,3.0,64,4,cycling,250,3.6,187,7.6,low
40,2/24/2026,10.2,3005,4,cycling,35,3.7,648,1.9,medium
7,1/30/2026,5.73,1801,3,cycling,298,4.9,318,8.6,medium
7,12/29/2026,6.11,761,2,walking,255,1.0,331,4.1,low
17,2/20/2026,9.15,3394,4,swimming,49,2.3,700,6.1,medium
58,3/23/2025,4.74,2547,2,walking,101,3.2,277,8.8,high
72,10/11/2026,3.17,4577,3,swimming,149,3.0,193,9.9,high
9,12/1/2025,6.2,1899,5,walking,163,2.2,121,3.6,medium
68,9/12/2025,8.2,1770,5,running,109,2.1,912,0.4,low
72,9/1/2025,10.83,1146,6,swimming,101,4.9,88,2.8,medium
49,9/21/2025,5.96,3789,1,cycling,96,1.5,631,4.8,high
18,12/30/2026,5.24,318,3,running,115,0.7,582,0.4,medium
57,5/29/2025,4.89,1823,1,swimming,68,2.2,13,2.7,high
47,1/24/2026,3.08,1073,6,cycling,173,1.3,172,9.8,low
43,12/14/2026,10.71,3331,1,swimming,21,0.7,403,5.0,high
64,11/29/2025,8.65,496,3,cycling,89,4.3,776,7.4,low
4,5/23/2026,5.12,2870,1,running,282,3.9,898,3.1,low
4,10/3/2026,6.7,2082,6,walking,1,1.6,430,6.3,medium
8,11/11/2026,4.87,4033,5,cycling,243,4.8,169,3.8,high
65,6/25/2026,3.44,3892,2,cycling,163,3.8,990,9.0,high
47,10/19/2025,3.56,3806,1,swimming,300,3.0,118,5.2,high
11,1/17/2026,7.67,1517,3,no activity,154,2.7,281,7.9,low
34,5/21/2025,6.68,1926,2,running,223,3.7,456,9.4,high
25,4/8/2026,3.13,198,5,no activity,102,3.5,702,0.5,high
6,5/30/2026,4.04,2938,1,no activity,70,3.6,195,2.9,medium
30,4/28/2026,9.74,2552,4,no activity,238,2.7,12,7.6,medium
13,1/15/2026,10.13,1727,1,cycling,2,4.0,769,1.9,high
67,5/6/2026,5.84,240,3,cycling,153,0.9,100,3.8,high
54,3/26/2025,3.22,404,3,swimming,197,0.9,723,0.6,medium
65,7/23/2025,5.07,4763,6,running,89,4.0,741,5.5,low
18,8/28/2026,10.83,2028,3,swimming,257,4.4,740,3.3,high
63,9/3/2025,4.24,4461,6,walking,34,3.0,344,6.6,high
11,12/7/2026,10.39,668,3,walking,46,0.3,487,6.2,low
28,5/19/2025,8.19,3529,6,walking,18,2.3,817,9.8,high
43,2/22/2025,5.35,2368,4,running,264,3.2,797,2.8,low
73,10/16/2026,5.3,686,3,cycling,36,4.4,177,0.7,low
71,2/28/2025,6.12,2573,3,no activity,95,1.0,413,7.5,high
31,8/9/2026,7.14,2519,6,running,232,1.4,810,1.9,high
17,1/15/2025,5.0,4,1,no activity,192,3.8,323,7.1,high
8,7/30/2026,7.72,612,1,cycling,171,1.8,454,0.1,medium
22,1/13/2026,4.77,1923,6,no activity,279,3.0,353,8.4,low
58,4/18/2025,4.22,4465,6,running,112,4.3,702,2.0,low
33,5/2/2025,4.53,2578,5,swimming,37,2.2,421,4.1,low
2,8/13/2026,11.91,2306,3,cycling,27,4.1,803,6.0,medium
72,1/25/2025,5.42,3568,2,running,26,4.1,356,4.4,high
41,10/21/2025,8.89,4621,4,running,94,4.1,183,3.4,high
30,12/6/2025,5.62,2401,3,running,267,2.1,213,6.2,high
66,6/1/2025,11.7,2095,5,swimming,13,3.9,191,6.7,high
25,4/7/2025,7.98,2685,6,no activity,105,3.6,113,0.7,medium
73,5/7/2026,4.01,2412,3,cycling,72,0.2,355,1.7,low
43,6/4/2026,6.63,1531,2,swimming,78,4.9,596,8.8,medium
8,10/8/2026,8.62,1516,4,swimming,177,2.8,428,9.7,medium
7,6/21/2026,3.63,4280,3,running,115,0.4,965,1.3,high
72,12/7/2026,6.55,1242,1,walking,56,4.4,371,4.1,high
56,2/22/2026,4.15,2077,5,no activity,8,4.6,599,4.1,medium
34,4/5/2025,7.02,4147,3,swimming,27,1.4,221,5.3,low
55,9/26/2026,5.56,4732,1,cycling,120,1.7,829,9.2,high
32,4/18/2026,10.84,2775,4,cycling,217,3.6,709,5.0,low
51,10/24/2025,11.67,1293,1,running,212,4.6,541,1.4,high
48,2/1/2026,7.81,3549,5,cycling,75,1.2,463,8.6,high
64,4/25/2025,5.52,3865,2,swimming,138,0.9,857,9.5,low
10,3/24/2026,11.65,2073,4,cycling,142,3.3,975,7.2,high
46,5/17/2025,7.97,1589,5,swimming,297,2.7,400,7.3,medium
66,7/18/2025,3.68,3673,6,no activity,242,1.3,908,8.1,high
62,3/3/2026,3.78,490,3,cycling,196,2.1,712,4.4,medium
30,5/7/2025,10.93,383,5,running,13,3.7,383,1.7,medium
49,9/22/2026,5.81,2170,4,no activity,264,2.5,537,3.0,high
46,4/27/2025,4.09,1550,5,cycling,169,3.9,323,1.1,high
47,9/13/2026,10.73,4263,3,running,219,1.1,818,4.1,high
70,11/16/2025,9.24,2266,5,walking,245,1.5,913,7.1,high
8,2/19/2026,6.08,1681,2,cycling,46,2.9,616,7.9,medium
38,4/11/2026,5.31,4716,3,swimming,127,4.6,613,1.5,high
25,12/26/2026,9.57,4350,1,walking,100,4.1,99,7.5,low
5,12/30/2026,5.56,4196,4,swimming,40,0.2,647,7.6,medium
51,2/20/2026,7.04,4825,1,walking,35,2.2,964,7.0,medium
35,2/18/2025,4.33,363,5,cycling,285,4.2,83,7.1,low
4,12/18/2026,11.54,3614,1,running,215,1.8,43,7.2,medium
45,3/30/2025,6.73,1154,5,running,142,4.1,408,5.9,medium
2,8/11/2025,7.91,4075,6,swimming,159,2.8,627,2.0,medium
26,11/13/2025,5.36,4745,6,walking,49,4.4,127,9.2,medium
5,8/14/2025,3.05,3735,6,walking,204,2.5,245,5.9,high
48,11/16/2026,10.51,2100,1,running,34,0.1,435,2.1,high
67,1/12/2025,11.1,31,1,no activity,17,0.8,512,6.3,medium
6,12/11/2026,6.14,4314,2,walking,230,2.6,913,7.4,medium
66,2/15/2025,3.85,2333,5,running,94,1.2,829,7.3,high
70,12/16/2026,5.3,3515,2,walking,110,1.1,499,2.7,medium
67,12/3/2025,11.2,1088,1,running,266,0.8,382,3.0,low
56,4/1/2025,5.67,2932,2,walking,135,3.8,309,8.2,low
57,2/1/2025,6.38,3437,3,no activity,167,0.5,112,5.7,high
57,11/20/2025,9.62,753,6,walking,251,2.3,106,1.5,low
11,10/10/2026,3.07,4667,2,no activity,197,1.4,998,5.4,high
28,9/12/2026,11.68,4151,2,no activity,280,3.9,387,9.2,low
75,10/29/2025,11.69,4309,3,walking,116,4.7,324,6.2,low
59,6/22/2025,4.07,2653,3,swimming,182,0.3,448,9.8,low
1,6/22/2026,6.61,710,2,swimming,169,4.4,386,0.5,low
65,1/15/2026,6.62,2464,6,no activity,183,4.2,357,9.6,low
65,2/20/2025,5.1,1013,6,no activity,241,3.2,725,10.0,medium
19,8/2/2025,8.7,4295,1,walking,216,1.0,652,1.4,medium
23,7/5/2026,10.61,1965,6,cycling,217,2.2,694,8.7,medium
8,6/25/2026,11.04,3746,1,cycling,245,2.5,174,8.7,high
21,7/23/2025,6.56,1044,3,no activity,204,2.1,221,8.6,low
8,6/27/2025,5.33,3316,2,cycling,219,1.0,877,7.5,low
45,6/19/2026,9.51,4083,3,swimming,80,3.7,50,2.2,medium
48,10/30/2026,3.79,1207,1,cycling,92,2.7,750,9.4,high
70,5/25/2026,9.57,3995,1,running,131,1.3,938,1.3,low
35,6/15/2025,11.26,2817,6,no activity,130,1.7,157,1.2,medium
40,7/29/2025,6.61,3355,4,running,190,3.6,733,5.2,low
57,7/23/2025,3.34,3461,3,no activity,53,1.6,199,1.7,low
28,2/1/2026,6.83,1016,5,no activity,281,1.3,835,2.5,high
13,2/28/2026,9.94,646,4,cycling,218,5.0,852,8.0,medium
65,12/19/2026,6.83,454,2,no activity,263,4.6,362,2.3,medium
5,5/31/2026,5.71,3388,4,swimming,254,3.1,458,7.4,low
42,2/19/2025,9.03,304,5,walking,271,2.9,10,5.5,medium
33,2/18/2026,3.06,4224,1,running,181,1.8,459,4.7,low
46,2/22/2025,9.79,3745,3,walking,149,3.2,935,4.4,medium
19,11/15/2025,4.4,935,5,running,60,3.0,960,0.1,high
73,11/4/2026,11.93,3716,6,no activity,300,4.1,281,0.2,medium
53,8/14/2026,7.33,2164,4,no activity,184,2.9,730,2.9,low
1,5/19/2026,3.66,4626,2,running,261,3.2,779,3.7,medium
40,3/5/2026,8.86,631,2,no activity,175,0.1,12,7.2,medium
32,5/21/2025,7.49,166,4,swimming,267,1.4,169,0.3,medium
4,2/7/2026,8.55,2315,1,running,148,2.3,84,5.0,high
52,10/1/2025,3.08,480,4,running,84,2.9,545,2.8,low
55,11/11/2026,6.26,260,2,cycling,280,0.9,685,5.4,medium
27,6/3/2025,4.49,2847,4,no activity,260,0.3,42,3.5,low
27,7/31/2025,11.23,1244,6,no activity,133,2.3,692,9.9,medium
70,9/21/2025,9.99,1545,2,cycling,285,0.4,97,5.2,low
68,4/15/2025,5.6,2348,3,swimming,54,5.0,450,3.6,high
37,11/19/2026,3.51,675,5,running,147,0.4,736,3.2,low
52,6/21/2026,10.86,1132,3,cycling,146,3.9,548,8.8,medium
15,5/7/2025,11.76,3144,5,no activity,186,3.3,462,7.3,high
62,4/11/2025,7.99,1119,5,cycling,101,0.3,390,3.4,high
46,5/15/2025,8.16,2589,3,no activity,69,1.7,450,3.6,medium
61,8/9/2026,11.09,4572,1,running,44,0.6,711,5.3,low
22,9/19/2025,3.38,3227,3,running,232,2.8,887,2.9,high
22,5/5/2026,4.78,1582,4,cycling,172,1.4,765,8.8,medium
67,11/27/2026,8.38,1679,5,no activity,243,5.0,552,0.3,low
27,6/7/2026,10.66,744,4,swimming,104,4.2,265,8.6,low
71,8/31/2026,4.34,1012,4,swimming,47,1.3,961,9.3,high
19,2/13/2025,3.9,1910,2,walking,96,1.7,420,8.2,low
51,8/26/2026,7.29,2328,2,running,285,1.5,273,3.5,low
38,1/6/2026,3.89,2363,6,swimming,292,4.3,101,4.4,low
42,8/11/2025,6.67,1991,5,walking,140,1.6,544,7.5,low
3,6/30/2025,7.06,4624,2,running,11,0.6,412,3.5,medium
19,4/20/2026,3.05,2667,3,running,264,0.9,202,3.8,high
49,10/5/2025,9.16,2723,5,walking,224,3.7,879,9.1,medium
51,7/31/2026,3.64,2967,4,running,139,4.9,433,1.4,low
9,4/4/2026,8.46,2526,3,cycling,43,1.7,302,6.5,medium
49,8/3/2026,6.96,1193,5,cycling,258,4.7,746,2.8,medium
63,7/16/2025,6.1,1061,2,cycling,40,3.1,71,2.2,low
10,12/20/2026,5.0,3453,6,swimming,213,4.4,92,2.4,medium
13,2/7/2025,3.75,1118,6,walking,204,0.3,417,6.2,high
21,9/30/2025,4.65,3657,6,swimming,154,1.5,869,2.6,low
57,12/18/2025,5.68,4797,6,cycling,229,3.0,597,6.9,low
39,11/5/2026,8.55,311,2,running,290,0.0,693,8.9,medium
39,11/25/2026,10.56,4463,4,running,216,3.8,624,5.2,medium
72,12/27/2026,11.45,652,2,no activity,142,1.8,71,6.6,low
7,12/4/2025,9.77,1449,2,walking,88,1.3,17,9.9,low
31,10/13/2026,6.54,2888,6,cycling,87,4.4,720,3.3,medium
1,6/23/2026,9.13,4969,3,cycling,263,3.2,470,6.8,medium
64,2/25/2026,10.77,1565,1,walking,100,3.6,747,6.0,high
3,5/19/2026,6.41,2685,4,swimming,264,3.5,602,8.2,low
58,11/4/2025,11.73,2780,4,walking,125,2.8,741,9.7,high
16,7/23/2025,6.62,598,6,no activity,104,1.5,647,3.4,high
63,9/11/2026,7.48,2319,1,walking,218,3.9,660,8.8,high
16,7/10/2026,11.1,1915,6,walking,291,2.2,691,9.0,low
49,3/14/2026,3.04,4992,1,no activity,139,1.4,921,4.5,medium
35,1/29/2026,11.7,2536,4,walking,97,2.7,840,10.0,medium
75,4/6/2026,4.99,4093,6,running,127,3.0,919,6.3,low
29,12/3/2025,6.6,260,2,no activity,257,2.7,811,4.1,high
21,11/25/2026,10.4,3551,2,cycling,192,0.4,125,8.5,medium
57,9/1/2026,3.08,1892,6,cycling,110,3.3,775,3.9,medium
36,10/2/2025,10.09,3222,4,no activity,143,0.2,781,1.5,high
2,1/20/2025,8.31,837,5,cycling,199,2.3,560,5.3,medium
42,6/4/2025,7.53,2121,1,no activity,249,2.7,317,2.8,low
51,2/5/2026,5.18,2192,6,walking,213,4.9,784,2.7,medium
30,1/27/2026,3.27,3010,5,walking,95,4.9,397,7.1,high
4,1/20/2025,4.5,2120,4,swimming,186,3.8,546,4.4,high
23,11/20/2026,11.37,1382,5,walking,241,3.8,556,2.1,low
66,11/11/2026,10.4,4186,1,walking,271,3.8,230,9.1,low
32,5/1/2025,7.47,1069,2,cycling,199,1.5,868,0.5,high
59,4/6/2025,9.39,1048,3,walking,35,2.2,824,2.3,high
38,3/27/2026,5.9,1366,5,no activity,178,4.4,141,5.0,medium
29,9/7/2026,7.97,4856,1,running,41,0.1,504,2.3,medium
40,3/31/2026,8.79,2224,5,walking,15,0.3,704,2.5,high
73,4/29/2025,11.46,982,4,running,226,3.5,406,10.0,medium
7,10/28/2026,8.54,1661,5,running,152,4.0,363,2.9,medium
23,5/7/2025,6.4,907,4,running,101,0.4,631,7.8,low
63,9/18/2025,3.03,1614,1,running,164,1.2,571,5.8,medium
63,5/26/2026,10.91,4150,4,running,108,1.7,552,1.1,high
16,2/19/2026,8.27,4225,2,walking,109,3.8,259,2.9,low
43,11/10/2025,3.22,2596,1,cycling,132,0.1,470,1.6,high
16,2/18/2025,3.59,2630,5,swimming,250,4.8,943,7.9,low
45,12/12/2025,5.36,4186,6,walking,151,4.2,579,8.1,medium
44,3/27/2026,9.12,2670,1,no activity,221,4.8,713,1.5,medium
8,4/4/2025,8.23,2879,5,swimming,203,2.3,868,8.2,high
72,6/14/2026,5.45,1122,6,swimming,203,0.6,506,2.6,low
54,3/3/2025,5.81,1795,6,walking,248,0.6,573,9.7,high
45,2/13/2026,6.87,761,2,walking,220,4.4,411,4.8,high
75,11/15/2025,6.53,1296,3,walking,17,2.0,54,5.6,low
9,8/29/2025,5.0,2740,5,swimming,46,3.5,495,0.7,low
1,4/29/2026,5.6,287,4,swimming,242,4.3,230,0.7,low
27,10/30/2026,11.84,3717,2,no activity,123,4.9,477,6.7,high
6,5/16/2026,3.2,651,4,running,142,3.0,222,6.4,medium
57,8/6/2026,6.38,1145,6,no activity,268,1.9,708,8.8,low
53,4/3/2026,6.67,2569,1,cycling,90,3.3,495,6.9,medium
44,6/30/2025,7.43,4873,5,swimming,73,2.2,327,0.3,medium
62,11/12/2025,4.42,815,2,cycling,164,0.5,540,3.8,low
39,12/11/2025,3.68,4129,5,walking,23,4.9,521,8.6,medium
30,4/28/2025,3.86,3723,5,running,216,1.4,996,0.9,low
29,4/28/2026,10.15,608,3,cycling,140,2.3,403,1.2,low
13,9/16/2025,10.85,56,3,running,156,1.0,270,7.1,low
62,5/7/2025,11.45,676,6,no activity,3,2.7,57,5.6,high
67,9/5/2026,8.73,4898,3,no activity,105,1.9,309,4.0,medium
21,11/30/2025,9.3,4711,2,cycling,54,2.8,915,6.0,high
2,7/16/2025,8.35,3036,1,running,72,2.3,879,4.1,high
13,6/25/2026,9.46,2847,3,swimming,196,3.5,430,2.1,low
75,7/5/2026,8.62,3038,6,running,4,0.1,505,1.0,low
19,11/16/2026,6.75,4878,1,cycling,37,1.2,601,1.9,low
62,5/16/2026,3.61,1455,5,walking,66,1.6,218,7.7,high
16,5/12/2026,6.22,1542,2,no activity,49,0.8,360,9.8,low
18,1/7/2026,6.97,1927,1,cycling,142,0.9,113,8.5,high
36,9/11/2025,5.68,3471,1,walking,247,4.4,299,9.2,high
53,2/28/2026,9.89,2529,3,running,177,3.3,579,2.9,medium
21,12/25/2025,6.2,1958,2,running,293,0.6,463,9.4,medium
7,10/6/2026,12.0,1992,1,no activity,27,4.8,260,1.9,medium
10,2/25/2025,6.38,3045,2,cycling,233,1.6,162,7.5,medium
18,4/6/2026,6.81,292,2,cycling,0,0.2,254,2.3,high
7,1/9/2025,9.51,769,1,walking,43,1.2,630,3.6,high
16,2/22/2026,3.94,1416,3,running,121,2.0,206,1.7,low
43,10/17/2026,6.4,3967,2,no activity,162,4.3,945,1.0,low
27,9/30/2026,10.95,2714,1,running,62,1.3,801,9.7,low
42,12/12/2025,9.58,4615,2,no activity,214,4.8,306,1.0,medium
68,3/28/2025,8.0,4316,3,swimming,134,4.4,871,3.8,low
25,10/20/2025,7.25,345,2,walking,138,1.6,128,6.7,low
24,4/7/2025,11.27,2386,1,cycling,49,2.3,937,7.5,high
60,8/15/2026,11.21,49,4,running,224,1.6,628,7.8,medium
63,10/20/2025,5.56,2172,2,no activity,7,1.8,24,5.0,low
19,5/12/2026,5.1,2047,2,running,259,1.2,763,9.9,high
51,3/14/2025,9.23,1100,1,cycling,18,2.7,32,5.7,medium
75,10/24/2026,4.07,2251,6,running,98,4.1,140,2.2,high
26,2/8/2026,3.44,415,3,swimming,276,1.8,59,8.7,low
53,4/7/2025,6.25,4099,3,cycling,41,0.1,434,6.0,low
47,8/27/2025,4.67,723,2,cycling,125,0.9,671,9.5,high
32,3/13/2025,4.57,2623,1,walking,287,2.7,811,5.2,high
68,1/25/2025,7.39,3767,5,running,121,2.8,240,7.9,high
69,8/1/2025,6.55,2104,1,running,227,1.6,843,5.8,medium
48,1/3/2025,10.92,57,1,no activity,164,5.0,549,8.1,low
75,7/3/2026,10.09,1014,2,swimming,3,3.8,760,3.8,high
14,10/9/2025,4.62,122,5,swimming,199,3.8,992,4.8,medium
57,3/17/2025,5.68,1738,6,running,175,0.1,709,8.0,low
33,4/22/2026,5.49,318,2,swimming,277,3.8,73,7.3,medium
9,8/14/2026,3.62,2022,1,no activity,0,4.9,248,0.9,high
38,1/6/2026,7.44,1821,1,walking,237,2.6,141,7.6,high
17,4/23/2026,7.46,3373,2,swimming,55,2.3,931,9.6,low
28,7/5/2026,8.97,1849,6,swimming,59,5.0,791,1.8,medium
15,11/23/2025,6.57,3585,6,no activity,254,4.7,69,7.9,low
40,9/10/2026,5.64,3484,3,cycling,79,1.3,99,5.6,low
66,6/3/2026,4.85,4874,2,no activity,160,4.2,518,2.0,high
51,6/17/2025,9.92,3270,1,no activity,201,4.1,322,8.2,high
75,9/19/2025,10.7,1718,6,running,219,3.6,656,3.1,medium
6,6/13/2025,3.2,4814,4,cycling,72,4.2,54,0.9,medium
65,7/28/2026,7.61,4559,4,running,87,2.7,805,9.3,medium
27,7/20/2025,6.89,1142,1,cycling,253,0.4,851,9.5,low
27,2/8/2025,6.4,3939,3,walking,179,1.2,474,8.3,low
23,7/19/2026,4.25,808,1,cycling,206,1.6,830,1.3,high
74,7/23/2026,9.02,3018,4,running,108,1.7,387,7.0,medium
18,2/17/2026,3.28,2884,2,running,40,0.4,804,3.1,low
3,7/9/2026,10.35,4731,1,no activity,145,1.5,325,5.3,medium
11,5/28/2026,7.84,4952,2,walking,68,1.5,879,3.7,high
33,8/26/2026,8.19,4162,2,walking,98,1.3,312,5.8,medium
63,4/9/2026,11.8,200,2,running,194,1.1,829,4.4,medium
69,7/19/2025,7.96,912,4,walking,255,1.8,214,5.4,low
75,10/31/2025,7.91,2711,5,no activity,208,3.8,260,0.7,high
19,11/13/2026,4.27,4115,6,cycling,286,4.4,522,7.2,medium
53,10/23/2026,9.58,3975,2,swimming,57,1.0,817,7.0,medium
15,3/18/2026,10.57,3122,5,walking,38,1.2,341,7.4,high
25,9/8/2025,10.63,4223,4,running,54,1.7,136,10.0,high
35,5/17/2025,3.46,4798,4,no activity,74,0.9,858,6.4,high
61,11/26/2025,8.25,734,3,cycling,14,3.1,203,0.7,medium
2,2/19/2025,6.29,1600,5,no activity,125,0.8,435,5.2,medium
55,6/30/2025,10.23,703,2,walking,102,4.1,320,7.4,low
15,3/21/2026,3.81,8,2,cycling,221,2.2,836,6.0,low
62,2/27/2026,9.55,147,4,cycling,222,4.8,127,0.2,medium
8,10/29/2025,6.36,3338,5,swimming,240,4.6,539,1.1,low
12,8/25/2025,10.2,2121,6,walking,281,3.2,267,9.5,medium
57,3/1/2025,9.02,767,5,walking,189,2.3,234,0.1,high
41,6/5/2025,6.95,1184,1,walking,271,4.4,855,7.4,high
24,8/23/2025,6.36,1788,3,no activity,248,2.7,673,5.6,high
59,5/19/2025,7.42,3993,3,swimming,14,2.7,864,5.3,low
57,9/27/2025,8.68,4019,4,walking,277,3.8,379,3.3,medium
61,5/24/2026,9.39,3175,3,cycling,97,3.3,563,4.9,low
60,9/2/2025,8.07,4965,6,running,160,1.0,150,1.5,high
56,9/3/2025,8.52,2188,1,walking,198,2.8,341,1.5,medium
67,10/12/2026,7.16,1024,3,cycling,211,3.3,9,9.3,low
63,1/17/2025,6.28,1239,3,walking,262,1.8,711,2.8,low
68,7/12/2026,4.5,189,1,walking,171,2.1,320,6.1,medium
46,7/6/2026,5.97,1212,2,no activity,198,1.8,518,8.2,medium
32,3/19/2026,5.86,1182,1,swimming,115,3.1,536,8.4,high
47,10/4/2025,7.17,620,6,no activity,205,1.7,368,5.1,high
37,6/24/2026,7.9,3661,6,cycling,89,3.8,131,5.6,medium
42,8/29/2025,3.61,2596,1,swimming,65,4.6,782,8.6,medium
17,5/21/2026,5.18,3262,4,running,174,2.6,292,3.0,high
31,6/23/2025,3.36,2506,6,running,250,4.8,204,8.0,low
35,3/6/2026,7.47,3440,6,no activity,121,1.0,498,8.1,high
37,5/6/2025,10.88,283,1,cycling,161,0.2,798,9.9,medium
48,3/25/2026,11.72,468,6,swimming,287,1.2,877,9.2,low
60,1/25/2025,4.16,894,4,walking,132,2.5,547,6.1,medium
6,8/1/2026,8.15,3557,5,walking,16,0.8,501,2.4,medium
9,8/26/2026,8.38,3247,2,running,220,4.4,506,9.9,high
54,1/30/2025,8.8,4565,6,walking,102,2.7,282,6.9,low
30,9/25/2025,6.6,1015,3,swimming,272,4.4,842,1.1,low
53,11/23/2026,7.63,2719,6,swimming,263,0.4,575,6.8,low
15,8/30/2026,7.16,4852,5,walking,188,4.6,370,1.8,low
55,1/27/2025,10.36,121,6,walking,57,4.7,86,3.2,high
2,10/13/2026,8.0,796,4,swimming,75,0.9,88,8.5,low
18,4/5/2025,6.16,1164,2,swimming,267,4.7,616,9.3,low
58,10/22/2026,6.35,3972,3,walking,135,3.2,687,2.2,low
71,4/25/2025,4.65,2327,4,no activity,107,2.2,510,1.7,high
70,5/16/2025,11.48,2273,1,running,38,3.9,460,2.1,medium
29,9/7/2025,10.91,191,1,running,94,2.4,362,2.1,low
34,10/23/2025,3.62,2261,6,swimming,90,2.1,570,7.1,high
45,9/16/2026,10.8,1057,1,swimming,299,4.9,156,7.1,high
8,8/11/2025,10.47,3829,5,cycling,38,1.5,26,4.8,high
19,10/21/2025,5.77,3253,1,running,260,1.3,789,2.1,low
66,10/13/2026,3.47,2179,3,swimming,244,3.0,598,4.9,high
70,4/10/2025,4.31,3870,5,walking,186,1.8,253,3.2,low
58,11/16/2025,5.11,2117,2,walking,136,3.5,730,7.9,medium
69,7/26/2026,11.57,346,4,swimming,89,4.0,325,8.7,low
9,2/25/2026,7.06,854,3,walking,37,4.3,168,3.9,high
71,5/5/2025,8.27,1686,2,swimming,58,3.1,743,8.2,low
61,7/20/2026,11.41,286,5,walking,176,0.6,343,5.9,high
51,8/30/2025,3.18,4574,4,cycling,60,4.2,316,7.2,high
45,5/19/2026,11.74,3123,4,cycling,8,3.2,856,4.9,low
67,11/12/2026,7.19,53,5,swimming,35,2.5,579,8.5,low
44,12/20/2026,9.79,1595,4,no activity,82,4.3,189,0.9,low
47,5/5/2025,10.92,787,5,no activity,125,1.7,938,9.2,high
75,10/2/2025,4.44,2328,5,running,78,2.5,201,2.9,low
25,10/3/2026,8.92,145,2,walking,297,2.8,116,0.7,low
21,6/20/2026,8.82,1909,5,cycling,123,2.7,70,4.3,medium
59,7/29/2025,10.59,1637,3,walking,0,1.8,524,0.1,medium
51,5/23/2026,3.58,1680,5,running,112,2.1,833,0.2,medium
29,4/6/2026,5.59,4977,6,cycling,172,1.4,499,7.9,high
45,6/26/2025,3.07,2209,6,no activity,262,2.3,536,0.8,medium
24,1/11/2026,7.72,4461,2,no activity,47,0.1,396,7.5,medium
37,7/10/2026,10.7,4180,3,no activity,178,1.5,375,5.2,medium
25,3/9/2025,8.88,4378,2,walking,170,1.9,66,0.2,medium
66,12/27/2025,8.53,3215,1,swimming,96,1.8,509,2.7,medium
15,2/14/2025,8.15,3820,1,swimming,186,1.1,874,5.8,high
27,9/25/2026,3.44,4881,3,running,6,3.6,518,1.9,medium
54,1/11/2026,6.49,1385,4,no activity,38,1.1,89,6.3,medium
38,1/1/2025,4.67,308,2,no activity,59,2.5,98,1.9,low
34,6/3/2025,10.13,4257,4,swimming,195,1.9,275,9.2,low
4,12/7/2025,5.89,3696,6,swimming,137,0.2,852,6.3,low
45,10/13/2026,10.01,1463,1,cycling,232,1.5,199,4.2,low
45,1/1/2026,6.19,1100,4,running,5,3.1,840,5.7,high
72,6/12/2025,7.99,793,6,cycling,214,1.5,418,3.9,medium
47,2/15/2026,7.25,3795,5,cycling,67,1.9,721,1.7,low
73,3/19/2026,6.0,1456,5,cycling,100,3.1,825,7.5,low
73,5/20/2026,9.89,1908,1,walking,13,1.5,741,9.9,low
2,6/7/2026,8.55,67,5,walking,38,4.8,131,6.1,high
52,5/28/2025,10.88,48,3,running,163,4.1,237,9.5,low
18,4/22/2025,7.61,2092,6,no activity,24,2.4,71,4.2,medium
28,6/7/2025,6.81,2043,1,cycling,283,2.4,429,9.8,low
61,7/24/2025,11.24,3236,1,walking,30,1.5,139,3.2,low
26,1/6/2026,4.14,4340,5,walking,86,3.2,616,5.5,medium
52,4/23/2025,5.95,513,3,walking,204,1.2,123,5.5,low
18,9/8/2025,6.9,2437,4,cycling,191,2.7,267,7.9,medium
36,1/2/2025,10.66,4540,2,cycling,7,3.5,159,4.1,high
48,11/20/2026,3.12,1773,4,swimming,134,4.4,573,5.8,high
52,9/24/2026,8.2,2363,1,walking,282,1.4,424,0.6,medium
1,8/13/2025,9.22,3730,4,walking,276,2.0,200,6.9,high
61,10/17/2025,4.47,3571,2,cycling,180,4.9,104,8.7,medium
69,10/22/2025,10.17,4033,1,swimming,49,4.8,160,0.1,low
34,3/5/2026,3.6,376,4,walking,134,2.1,216,6.3,high
10,4/9/2025,7.26,2184,3,swimming,197,1.5,985,3.6,high
22,8/1/2026,8.36,3579,5,no activity,238,4.4,361,7.7,low
